29,filfak,Филологический факультет,och,Очная,baka,Бакалавриат/специалитет,"Педагогическое образование (Русский язык, литература)","<b>Факультет</b>: Филологический факультет

<b>Срок обучения</b> 5 лет

<b>Минимальные баллы ЕГЭ</b>
·Русский язык - от 40 баллов
·Обществознание - от 45 баллов
·Литература - от 40 баллов

<b>Количество мест</b>
·20 бюджетных мест
·25 платных мест

<b>Стоимость обучения</b>
106 700

<b>О программе</b>
Программа – это эффективное сочетание фундаментальной подготовки в области филологии и освоения современных тенденций сферы педагогики. Студенты получают широкий академический кругозор и уникальный портфель актуальных компетенций в области современного русского языка, зарубежной и русской литературы, корпусной лингвистики, теории и методики обучения. Крупные научные школы, сложившиеся на филологическом факультете, дают возможность погрузиться в научную деятельность уже на первых курсах, проложить свой собственный маршрут в изучении лингвистики, литературоведения, педагогики, а затем продолжить выбранный путь в престижных магистратурах Москвы, Санкт-Петербурга, Смоленска. При этом программа максимально практикоориентирована.

<b>Кому подойдет программа</b>
Выпускники программы преподают в престижных учебных заведениях общего (основного) образования, среднего профессионального образования, дополнительного образования региона и страны, работают пресс-секретарями, спичрайтерами, интернет-редакторами, становятся сотрудниками органов государственного управления; среди основных областей их профессиональной деятельности: образование, социальная сфера, наука, культура, медиа. 

",Литература|Обществознание|Русский язык
74,yprav,Факультет экономики и управления,zaoch,Заочная,maga,Магистратура,Педагогическое образование (Управление проектами в сфере образования),"<b>Факультет</b>: Факультет экономики и управления

<b>Срок обучения</b> 2,5 года

<b>Перечень вступительных испытаний:</b>
·Комплексный экзамен по педагогике - от 30 баллов

<b>Количество мест</b>
·15 бюджетных мест
·5 платных мест

<b>Стоимость обучения</b>

",
4,soc,Социологический факультет,och,Очная,baka,Бакалавриат/специалитет,Социология (Политтехнологии и маркетинг),"<b>Факультет</b>: Социологический факультет

<b>Срок обучения</b> 4 года

<b>Минимальные баллы ЕГЭ</b>
·Математика (экзамен по выбору) - от 39 баллов
·Русский язык - от 40 баллов
·Обществознание - от 45 баллов
·История (экзамен по выбору) - от 35 баллов

<b>Количество мест</b>
·- бюджетных мест
·30 платных мест

<b>Стоимость обучения</b>
106 700

<b>О программе</b>
Программа позволяет получить актуальные и системные знания в области политтехнологий и маркетинга и отвечает всем современным требованиям. Глубокое изучение социологии является фундаментом для формирования знаний и профессиональных компетенций в области политических и социально-экономических процессов и явлений. Выпускники программы – это специалисты, которые могут профессионально и быстро провести избирательную или коммерческую кампанию, позиционировать и правильно продвигать бренд, сформировать благоприятный имидж в сознании людей. Отличительной чертой образовательного процесса является тесная связь обучения и исследований, а также практическая ориентация подготовки студентов. В образовательный процесс внедрены инновационные методы обучения: метод проблемного изложения, презентации, дискуссии, кейс-стади, работа в группах, метод мозгового штурма, метод критического мышления, викторины, мини-исследования, деловые и ролевые игры.

<b>Кому подойдет программа</b>
Программа ориентирована на тех, кто готов к постоянному самосовершенствованию и получению новых знаний; хочет сам формировать общественное мнение, создавать репутации и побуждать других к действиям; желает стать лидером и вести за собой; готов получить практические навыки позиционирования и продвижения брендов; мечтает работать в политической, коммерческой сфере или в СМИ.


",История|Математика|Обществознание|Русский язык
5,psixolog,Психолого-педагогический факультет,och,Очная,baka,Бакалавриат/специалитет,Специальное (дефектологическое) образование (Логопедия),"<b>Факультет</b>: Психолого-педагогический факультет

<b>Срок обучения</b> 4 года

<b>Минимальные баллы ЕГЭ</b>
·Математика (экзамен по выбору) - от 39 баллов
·Русский язык - от 40 баллов
·Обществознание (экзамен по выбору) - от 45 баллов
·Биология - от 39 баллов

<b>Количество мест</b>
·20 бюджетных мест
·10 платных мест

<b>Стоимость обучения</b>
106 700

<b>О программе</b>
Программа основана на сочетании фундаментальной подготовки студентов по общей и специальной педагогике, общей и специальной психологии, психологии развития, основ генетики, возрастной анатомии, физиологии и гигиены с основами патологии органов слуха, зрения, речи и специального обучения студентов (логопедия, психолого-педагогическая диагностика, логогенез и т.д.).

",Биология|Математика|Обществознание|Русский язык
75,fizmat,Физико-математический ,zaoch,Заочная,maga,Магистратура,Педагогическое образование (Технологии цифровизации образования),"<b>Факультет</b>: Физико-математический факультет

<b>Срок обучения</b> 2,5 года

<b>Перечень вступительных испытаний:</b>
·Комплексный экзамен по педагогике - от 30 баллов

<b>Количество мест</b>
·- бюджетных мест
·15 платных мест

<b>Стоимость обучения</b>

",
17,psixolog,Психолого-педагогический факультет,och,Очная,baka,Бакалавриат/специалитет,Психолого-педагогическое образование (Психология в образовании),"<b>Факультет</b>: Психолого-педагогический факультет

<b>Срок обучения</b> 4 года

<b>Минимальные баллы ЕГЭ</b>
·Математика (экзамен по выбору) - от 39 баллов
·Русский язык - от 40 баллов
·Обществознание (экзамен по выбору) - от 45 баллов
·Биология - от 39 баллов

<b>Количество мест</b>
·20 бюджетных мест
·10 платных мест

<b>Стоимость обучения</b>
106 700

<b>О программе</b>
Студенты получают фундаментальную подготовку, включающую в себя как теоретические знания в области гуманитарных дисциплин, так и практические навыки работы по выбранному направлению. Программа готовит специалистов по психологической работе с субъектами образовательного процесса; формирует навыки сопровождения детей разных возрастов в системе образования; психологической диагностики, консультирования участников образовательного процесса; профилактики негативных явлений в образовательной среде; управления детским коллективом.
Выпускники программы овладевают новейшими технологиями, необходимыми для работы в системе образования и ведения академических исследований в области психологии.

<b>Кому подойдет программа</b>
Программа ориентирована на тех, кто готов к постоянному самосовершенствованию, неравнодушен к развитию общества и образования, любит детей и готов помогать в развитии подрастающего поколения. Полученное на ППФ образование позволит выпускникам работать по таким специальностям: практический психолог в образовании (школа, колледж); преподаватель психологии в школе; руководитель детского центра; психолог реабилитационного или консультативного центра; специалист кризисного центра.
",Биология|Математика|Обществознание|Русский язык
19,fizmat,Физико-математический ,och,Очная,baka,Бакалавриат/специалитет,"Педагогическое образование (Физика, математика)","<b>Факультет</b>: Физико-математический 

<b>Срок обучения</b> 5 лет

<b>Минимальные баллы ЕГЭ</b>
·Математика - от 39 баллов
·Русский язык - от 40 баллов
·Физика - от 39 баллов
·Обществознание - от 45 баллов

<b>Количество мест</b>
·15 бюджетных мест
·15 платных мест

<b>Стоимость обучения</b>
106 700

<b>О программе</b>
Студенты получают фундаментальную подготовку, сочетающую в себе как прочные теоретические знания в области математики, информатики /физики, так и профессиональные умения и навыки прикладного характера, связанные с обучением математике и информатике. Программа готовит специалистов, умеющих оперировать понятиями современной математики, физики и информатики; применять современные методы и технологии обучения; проводить педагогические исследования; понимать закономерности интеллектуального и личностного развития обучающегося и в соответствии с этим организовывать образовательную среду. Выпускники программы отвечают современным требованиям рынка труда в системе образования.

<b>Кому подойдет программа</b>
Программа ориентирована на тех, кто готов к взаимодействию с людьми, постоянному самосовершенствованию, усвоению и передаче обучающимся предметных знаний по математике и информатике, овладению современными информационными технологиями, языками программирования, анализу данных. Получение образования на педагогическом направлении физико-математического факультета позволяет работать в разнообразных направлениях, например:

 · Учитель математики и информатики, преподаватель (в организациях среднего (основного и полного) общего и профессионального образования, специалист в службах повышения квалификации различных предприятий, связанных с освоением, обучением и применением цифровых платформ, автоматизированных информационных систем, их тестированием и продвижением). 

 · Руководитель

Коммуникативные способности педагога-математика и информатика позволяют занять руководящие должности как в сфере образования, так и в управлении, в бизнесе.

 · Экономист, бухгалтер, статистик

Математики и информатики прекрасно проявляют себя в финансово-экономической деятельности, хорошо оперируют с числовыми данными и закономерностями, статистической отчетностью, анализом и планированием, прогнозированием.

 · Специалист по интеллектуальной обработке данных

Второе название профессии — DataScientist — учёный по данным. Этот специалист управляет несколькими мощными компьютерами, обрабатывающими поступающую информацию.	

 · Интернет-аналитик

Сфера информационных технологий является хорошим и перспективным направлением деятельности для математиков и информатиков, так как позволяет самостоятельно проводить множество исследований, строить математические и информационные модели явлений и процессов, анализировать данные самой различной природы, оценивать результаты, делать обоснованные заключения.",Математика|Обществознание|Русский язык|Физика
76,filfak,Филологический факультет,zaoch,Заочная,maga,Магистратура,Педагогическое образование (Литературное образование),"<b>Факультет</b>: Филологический факультет

<b>Срок обучения</b> 2,5 года

<b>Перечень вступительных испытаний:</b>
·Литература - от 30 баллов

<b>Количество мест</b>
·- бюджетных мест
·30 платных мест

<b>Стоимость обучения</b>

",
77,filfak,Филологический факультет,zaoch,Заочная,maga,Магистратура,Филология (Филология в социокультурном контексте),"<b>Факультет</b>: Филологический факультет

<b>Срок обучения</b> 2,5 года

<b>Перечень вступительных испытаний:</b>
·Литература - от 30 баллов

<b>Количество мест</b>
·- бюджетных мест
·15 платных мест

<b>Стоимость обучения</b>

",
33,psixolog,Психолого-педагогический факультет,och,Очная,baka,Бакалавриат/специалитет,Психология,"<b>Факультет</b>: Психолого-педагогический факультет

<b>Минимальные баллы ЕГЭ</b>
·Математика (экзамен по выбору) - от 39 баллов
·Русский язык - от 40 баллов
·Обществознание (экзамен по выбору) - от 45 баллов
·Биология - от 39 баллов

<b>Количество мест</b>
·- бюджетных мест
·50 платных мест

<b>Стоимость обучения</b>
106 700

<b>О программе</b>
Программа нацелена на подготовку психологов, специализирующихся в области консультативной психологии. В обучении: дисциплины базового психологического образования (общая, возрастная, социальная психология, психодиагностика и др.), блок естественно-научных дисциплин (анатомия и физиология ЦНС, психофизиология и др.); материалы всех дисциплин в электронных формах; компьютерный психологический практикум, архив видеолекций известных отечественных психологов. Выпускник может осуществлять практическую деятельность психолога-консультанта во всех типах образовательных учреждений, социальной сфере, в бизнесе, государственных учреждениях.

<b>Кому подойдет программа</b>
Программа классически университетского образования ориентирована на тех, кто хочет стать психологом-профессионалом, консультантом. Содержание дисциплин охватывает три сферы – индивидуального консультирования, семейного и консультирования в бизнесе, в организациях.


",Биология|Математика|Обществознание|Русский язык
6,histor,Факультет истории и права,och,Очная,baka,Бакалавриат/специалитет,Юриспруденция (Юрист общей практики),"<b>Факультет</b>: Факультет истории и права

<b>Срок обучения</b> 4 года

<b>Минимальные баллы ЕГЭ</b>
·Русский язык - от 40 баллов
·Обществознание - от 45 баллов
·История (экзамен по выбору) - от 35 баллов
·Иностранный язык  (экзамен по выбору) - от 30 баллов

<b>Количество мест</b>
·10 бюджетных мест
·60 платных мест

<b>Стоимость обучения</b>
106 700

<b>О программе</b>
Студенты получают фундаментальное образование, позволяющее выполнять широкий спектр профессиональных задач. В их числе: способность толковать и применять нормы, относящиеся к отраслям материального и процессуального права России, умение квалифицировать юридические факты, проводить юридическую экспертизу и готовить экспертные заключения. Выпускники способны работать с юридическими документами любой сложности, в том числе составлять их, оказывать экспертно-консультационные услуги гражданам и организациям, осуществлять представительство в государственных органах, в том числе в судах, коммерческих структурах. 

<b>Кому подойдет программа</b>
Программа подойдёт молодым людям, умеющим принимать взвешенные решения, отличающимся внимательностью к деталям и дисциплинированностью, готовым принимать на себя ответственность и добиваться поставленных целей. Для успешного завершения обучения и дальнейшего построения карьеры необходимы высокая мотивация и стремление к самосовершенствованию, умение планировать и организовывать свое время, готовность действовать в строгом соответствии с нормами права. Важными качествами студента-юриста являются высокая правовая культура, широкий кругозор, активная жизненная позиция.
",Иностранный язык|История|Обществознание|Русский язык
7,fizmat,Физико-математический ,och,Очная,baka,Бакалавриат/специалитет,Прикладная математика и информатика (Математическое и информационное моделирование),"<b>Факультет</b>: Физико-математический 

<b>Срок обучения</b> 4 года

<b>Минимальные баллы ЕГЭ</b>
·Математика - от 39 баллов
·Русский язык - от 40 баллов
·Физика (экзамен по выбору) - от 39 баллов
·Информатика и ИКТ (экзамен по выбору) - от 44 баллов

<b>Количество мест</b>
·26 бюджетных мест
·20 платных мест

<b>Стоимость обучения</b>
106 700

<b>О программе</b>
Быстро развивающиеся информационные технологии требуют подготовки специалистов, имеющих широкие знания по современным разделам физико-математических дисциплин и умеющих применять их в приоритетных сферах деятельности. Программное обеспечение сетевых многопользовательских компьютерных систем, их контроль и диагностика предполагают совмещение глубоких знаний в области информатики и математических методов с практикой решения прикладных задач.

<b>Кому подойдет программа</b>
Программа подойдет тем, кто интересуется математикой и информатикой.",Информатика и ИКТ|Математика|Русский язык|Физика
1,filfak,Филологический факультет,och,Очная,baka,Бакалавриат/специалитет,"Педагогическое образование (Французский, английский языки)","<b>Факультет</b>: Филологический факультет

<b>Срок обучения</b> 5 лет

<b>Минимальные баллы ЕГЭ</b>
·Русский язык - от 40 баллов
·Обществознание - от 45 баллов
·Иностранный язык  - от 30 баллов

<b>Количество мест</b>
·13 бюджетных мест
·16 платных мест

<b>Стоимость обучения</b>
106 700

<b>О программе</b>
Программа «Педагогическое образование» – это эффективное сочетание фундаментальной подготовки в области филологии и  освоения современных тенденций сферы педагогики. Студенты направления получают широкий академический кругозор и уникальный портфель актуальных компетенций в области современного английского и французского языков, зарубежной литературы, корпусной лингвистики, теории и методики обучения, возможность погрузиться в работу над научными проектами уже на ранних курсах, а затем продолжить выбранный путь в магистратуре.

<b>Кому подойдет программа</b>
Программа даёт актуальное и качественное педагогическое образование в области филологии. Выпускники программы преподают в престижных учебных заведениях общего (основного) образования, среднего профессионального образования, дополнительного образования региона и страны, работают переводчиками, находят себя в работе с зарубежными фирмами и сфере туризма, становятся сотрудниками органов государственного управления. Среди основных областей их профессиональной деятельности – образование, социальная сфера, наука, культура, медиа, межкультурная коммуникация. Многие из них успешно продолжают осваивать выбранное на бакалавриате направление, развиваются по намеченному маршруту научной деятельности в рамках магистерских программ как СмолГУ, так и ведущих вузов Москвы, Санкт-Петербурга, Европы.

",Иностранный язык|Обществознание|Русский язык
16,filfak,Филологический факультет,och,Очная,baka,Бакалавриат/специалитет,Лингвистика (Перевод и переводоведение),"<b>Факультет</b>: Филологический факультет

<b>Срок обучения</b> 4 года

<b>Минимальные баллы ЕГЭ</b>
·Русский язык - от 40 баллов
·Обществознание (экзамен по выбору) - от 45 баллов
·Литература (экзамен по выбору) - от 40 баллов
·Иностранный язык  - от 30 баллов

<b>Количество мест</b>
·- бюджетных мест
·70 платных мест

<b>Стоимость обучения</b>
106 700

<b>О программе</b>
Программа «Лингвистика (Перевод и переводоведение)» — это эффективное сочетание фундаментальной подготовки в области филологии, освоения самых современных тенденций сферы перевода, преподавания  иностранного языка и межкультурной коммуникации, максимум языковой практики. Студенты направления получают широкий академический кругозор и уникальный портфель актуальных компетенций в области двух востребованных иностранных языков (английского языка и немецкого или французского языка в зависимости от года поступления, в 2022 году вторым языком является французский), зарубежной литературы, корпусной лингвистики, теории и практики перевода,  лингвокультурологии,  дефектологии, методики преподавания иностранного языка и межкультурной коммуникации, возможность погрузиться в работу над научными проектами уже на ранних курсах, а затем продолжить выбранный путь в магистратуре. Но главное – программа максимально практикоориентирована.

<b>Кому подойдет программа</b>
Программа даёт актуальное и качественное образование в области филологии (в 2022  году поступления: английский язык и французский язык). Выпускники программы работают переводчиками,  преподавателями  иностранных языков в общеобразовательных школах и учреждениях дополнительного образования, находят себя в работе с зарубежными фирмами и сфере туризма, становятся сотрудниками органов государственного управления; среди основных областей их профессиональной деятельности: социальная сфера, наука, культура, медиа, межкультурная коммуникация. Многие из них успешно продолжают осваивать выбранное на бакалавриате направление, развиваются по намеченному маршруту научной деятельности в рамках магистерских программ как СмолГУ, так и ведущих вузов Москвы, Санкт-Петербурга, Европы.

",Иностранный язык|Литература|Обществознание|Русский язык
8,psixolog,Психолого-педагогический факультет,och,Очная,baka,Бакалавриат/специалитет,"Педагогическое образование (Начальное образование, тьюторство в образовании) ","<b>Факультет</b>: Психолого-педагогический факультет

<b>Срок обучения</b> 5 лет

<b>Минимальные баллы ЕГЭ</b>
·Математика (экзамен по выбору) - от 39 баллов
·Русский язык - от 40 баллов
·Обществознание - от 45 баллов
·Биология (экзамен по выбору) - от 39 баллов

<b>Количество мест</b>
·20 бюджетных мест
·10 платных мест

<b>Стоимость обучения</b>
106 700

<b>О программе</b>
Цель программы – подготовка высококвалифицированных учителей начальных классов и тьюторов в начальном образовании. Обе получаемые выпускниками профессии востребованы на рынке труда. Острая потребность в учителях начальных классов и их недостаточное количество в нашем регионе вызваны улучшением демографической ситуации в стране и, соответственно, существенным увеличением количества классов в начальной школе. В течение последних нескольких лет актуальной стала новая для российского образования профессия тьютора. Тьютор – это наставник ребёнка, в том числе и ребёнка с ограниченными возможностями здоровья, в задачи которого входит выявление и развитие его способностей. Это создаёт условия для реальной индивидуализации процесса обучения и делает его интересным и успешным для детей.

",Биология|Математика|Обществознание|Русский язык
21,filfak,Филологический факультет,och,Очная,baka,Бакалавриат/специалитет,Журналистика (Корреспондент СМИ),"<b>Факультет</b>: Филологический факультет

<b>Срок обучения</b> 4 года

<b>Минимальные баллы ЕГЭ</b>
·Русский язык - от 40 баллов
·Литература - от 40 баллов
·Творческое испытание - от 50 баллов

<b>Количество мест</b>
·- бюджетных мест
·25 платных мест

<b>Стоимость обучения</b>
106 700

<b>О программе</b>
Содержание и форма образовательного процесса на направлении строятся, в первую очередь, исходя из запросов современного мира. Программа «Журналистика» – это множество реальных проектов, которые объединяются в личное портфолио каждого студента, это постоянная работа в команде единомышленников с  ведущими экспертами-профессионалами, это личный выбор образовательной траектории, гибкий график, обучение прямо в редакциях СМИ, а главное – практика, практика и ещё раз практика.
Студенты получают фундаментальную базу классической журналистики, практические навыки работы в самых современных форматах (блогинг, SMM, спичрайтинг и др.), дополнительную специальность в актуальной смежной области (языки, маркетинг, обработка данных), развитые softskills.

<b>Кому подойдет программа</b>
Программа подойдёт тем, кто хочет работать на телевидении и выступать на радио; находиться в творческой сфере; развивать собственные проекты в соцсетях и зарабатывать блогерством. «Журналистика» в   СмолГУ будет интересна и тем, кто пишет в стол и не знает, с кем поделиться, и  тем, кто пока ещё вообще не понял, кем хочет стать, но желает быть успешным в будущем. Выпускники направления работают в региональных, федеральных, мировых СМИ, на радио, TV, в современных форматах. Но область востребованности студентов программы не ограничена лишь медиасредой – они обладают уникальным набором навыков из нескольких актуальных сфер, умеют работать с людьми, превращать идеи в результат и успешно находят себя в широком круге профессий. Многие выпускники продолжают своё обучение в престижных магистратурах Москвы, Санкт-Петербурга, Смоленска.
",Литература|Русский язык|Творческий экзамен в ВУЗе
9,xydgraf,Художественно-графический факультет,och,Очная,baka,Бакалавриат/специалитет,Педагогическое образование (Изобразительное искусство),"<b>Факультет</b>: Художественно-графический факультет

<b>Срок обучения</b> 4 года

<b>Минимальные баллы ЕГЭ</b>
·Русский язык - от 40 баллов
·Обществознание - от 45 баллов
·Творческое испытание - от 50 баллов

<b>Количество мест</b>
·25 бюджетных мест
·10 платных мест

<b>Стоимость обучения</b>
106 700

<b>О программе</b>
Художественно-графический факультет СмолГУ ведёт подготовку педагогов по профилю «Изобразительное искусство» уже более 60 лет. В 2022 году абитуриентам предлагается обновлённая образовательная программа. Её особенность состоит в том, что после окончания второго курса студент сможет выбрать и более углубленно изучить один из 3-х специализированных модулей. Специализированный профиль «Живопись и графика» включает такие дисциплины, как «Техники и технологии современной живописи, «Техники и технологии современной графики», «Теория и практика работы над художественным произведением». «Рисунок и живопись фигуры» и т.д. Профиль «Декоративно-прикладное искусство» включает дисциплины: «Художественная обработка материалов», «Керамика», «Авторская кукла», «Батик» и т.д. Профиль «Компьютерная графика» включает дисциплины: «Рисунок в векторных программах», «Художественные приемы в растровой графике», «Основы анимации и 3D моделирования», «Компьютерная графика в современной иллюстрации». Общими предметами для всех студентов будут такие дисциплины, как «Рисунок», «Живопись», «Скульптура», «Композиция», «История изобразительного искусства и архитектуры» и т.д.

<b>Кому подойдет программа</b>
Программа ориентирована на тех, кому интересна сфера искусства и творчества, кто любит рисовать и лепить, кто готов к постоянному самосовершенствованию и получению новых знаний, умений и навыков. Получение образования на художественно-графическом факультете позволяет работать в разнообразных направлениях, например: учитель изобразительного искусства в общеобразовательной или частной школе, преподаватель художественных дисциплин в средних и высших учебных заведениях, руководитель или преподаватель в системе дополнительного образования (в детских художественных школах или школах искусств, в собственных творческих студиях для детей и взрослых), художник в области компьютерной графики (иллюстрирование, анимация и т.п.), художник в области изобразительного искусства (творческая, выставочная деятельность по разным видам искусства: живопись, графика, скульптура), художник в области декоративно-прикладного искусства.
",Обществознание|Русский язык|Творческий экзамен в ВУЗе
22,filfak,Филологический факультет,och,Очная,baka,Бакалавриат/специалитет,"Педагогическое образование (Немецкий, английский языки)","<b>Факультет</b>: Филологический факультет

<b>Срок обучения</b> 5 лет

<b>Минимальные баллы ЕГЭ</b>
·Русский язык - от 40 баллов
·Обществознание - от 45 баллов
·Иностранный язык  - от 30 баллов

<b>Количество мест</b>
·13 бюджетных мест
·28 платных мест

<b>Стоимость обучения</b>
106 700

<b>О программе</b>
Программа «Педагогическое образование» – это эффективное сочетание фундаментальной подготовки в области филологии и  освоения современных тенденций сферы педагогики. Студенты направления получают широкий академический кругозор и уникальный портфель актуальных компетенций в области современного английского и французского языков, зарубежной литературы, корпусной лингвистики, теории и методики обучения, возможность погрузиться в работу над научными проектами уже на ранних курсах, а затем продолжить выбранный путь в магистратуре. Но главное – программа максимально практикоориентирована, основной результат обучения – уверенное, профессиональное владение иностранными языками, что делает выпускников востребованными в самых разных областях деятельности

<b>Кому подойдет программа</b>
Программа даёт актуальное и качественное педагогическое образование в области филологии. Выпускники программы преподают в престижных учебных заведениях общего (основного) образования, среднего профессионального образования, дополнительного образования региона и страны, работают переводчиками, находят себя в работе с зарубежными фирмами и сфере туризма, становятся сотрудниками органов государственного управления. Среди основных областей их профессиональной деятельности – образование, социальная сфера, наука, культура, медиа, межкультурная коммуникация. Многие из них успешно продолжают осваивать выбранное на бакалавриате направление, развиваются по намеченному маршруту научной деятельности в рамках магистерских программ как СмолГУ, так и ведущих вузов Москвы, Санкт-Петербурга, Европы.


",Иностранный язык|Обществознание|Русский язык
10,fizmat,Физико-математический ,och,Очная,baka,Бакалавриат/специалитет,Радиотехника (Радиоэлектронные системы и комплексы),"<b>Факультет</b>: Физико-математический 

<b>Срок обучения</b> 4 года

<b>Минимальные баллы ЕГЭ</b>
·Математика - от 39 баллов
·Русский язык - от 40 баллов
·Физика (экзамен по выбору) - от 39 баллов
·Информатика и ИКТ (экзамен по выбору) - от 44 баллов

<b>Количество мест</b>
·25 бюджетных мест
·15 платных мест

<b>Стоимость обучения</b>
106700

<b>О программе</b>
Образовательная программа объединяет научно-практическую и радиоинженерную подготовку в области разработки, исследования и эксплуатации радиоэлектронных систем и комплексов в сфере передачи информации, управления и радиомониторинга.
 Программа сочетает
 фундаментальную и практико-ориентированную подготовку в области электроники и схемотехники, проектирования, моделирования, конструирования и производства радиоэлектронных средств специального и универсального назначения.

<b>Кому подойдет программа</b>
Программа ориентирована на тех, кому интересна радиоинженерная и изобретательская деятельность, разработка, программирование, моделирование и конструирование радиотехнических систем.




",Информатика и ИКТ|Математика|Русский язык|Физика
42,psixolog,Психолого-педагогический факультет,zaoch,Заочная,baka,Бакалавриат/специалитет,Специальное (дефектологическое) образование (Логопедия),"<b>Факультет</b>: Психолого-педагогический факультет

<b>Срок обучения</b> 5 лет

<b>Минимальные баллы</b>
·Русский язык - от 40 баллов
·Биология - от 39 баллов
·Обществознание (экзамен по выбору) - от 45 баллов
·Математика (экзамен по выбору) - от 39 баллов

<b>Перечень вступительных испытаний на базе СПО</b>
·Основы психологии - от 40 баллов
·Основы педагогики- от 40 баллов
·Русский язык - от 40 баллов

<b>Количество мест</b>
·18 бюджетных мест
·10 платных мест

<b>Стоимость обучения</b>

",
58,yprav,Факультет экономики и управления,och,Очная,maga,Магистратура,Менеджмент (Стратегическое управление),"<b>Факультет</b>: Факультет экономики и управления

<b>Срок обучения</b> 2 года

<b>Перечень вступительных испытаний:</b>
·Комплексный экзамен по менеджменту - от 50 баллов

<b>Количество мест</b>
·- бюджетных мест
·30 платных мест

<b>Стоимость обучения</b>

",
59,fizmat,Физико-математический ,och,Очная,maga,Магистратура,Прикладная математика и информатика (Прикладные Интернет-технологии),"<b>Факультет</b>: Физико-математический факультет

<b>Срок обучения</b> 2 года

<b>Перечень вступительных испытаний:</b>
·Комплексный экзамен по математике - от 50 баллов

<b>Количество мест</b>
·- бюджетных мест
·30 платных мест

<b>Стоимость обучения</b>

",
60,xydgraf,Художественно-графический факультет,och,Очная,maga,Магистратура,Педагогическое образование (Художественное образование),"<b>Факультет</b>: Художественно-графический факультет

<b>Срок обучения</b> 2 года

<b>Перечень вступительных испытаний:</b>
·Комплексный творческий экзамен- от 50 баллов

<b>Количество мест</b>
·- бюджетных мест
·15 платных мест

<b>Стоимость обучения</b>

",
61,psixolog,Психолого-педагогический факультет,zaoch,Заочная,maga,Магистратура,Специальное (дефектологическое) образование (Логопедическое образование),"<b>Факультет</b>: Психолого-педагогический факультет

<b>Срок обучения</b> 2,5 года

<b>Перечень вступительных испытаний:</b>
·Логопедия - от 30 баллов

<b>Количество мест</b>
·13 бюджетных мест
·10 платных мест

<b>Стоимость обучения</b>

",
62,soc,Социологический факультет,zaoch,Заочная,maga,Магистратура,Социология (Социальные науки в работе учителя обществознания),"<b>Факультет</b>: Социологический факультет

<b>Срок обучения</b> 2,5 года

<b>Перечень вступительных испытаний:</b>
·Социология - от 30 баллов

<b>Количество мест</b>
·- бюджетных мест
·20 платных мест

<b>Стоимость обучения</b>

",
63,soc,Социологический факультет,zaoch,Заочная,maga,Магистратура,"Социология (Социологический анализ в экономике, политике и праве)","<b>Факультет</b>: Социологический факультет

<b>Срок обучения</b> 2,5 года

<b>Перечень вступительных испытаний:</b>
·Социология - от 30 баллов

<b>Количество мест</b>
·- бюджетных мест
·20 платных мест

<b>Стоимость обучения</b>

",
64,soc,Социологический факультет,zaoch,Заочная,maga,Магистратура,Социология (Когнитивная социология цвета),"<b>Факультет</b>: Социологический факультет

<b>Срок обучения</b> 2,5 года

<b>Перечень вступительных испытаний:</b>
·Социология - от 30 баллов

<b>Количество мест</b>
·- бюджетных мест
·20 платных мест

<b>Стоимость обучения</b>

",
65,soc,Социологический факультет,zaoch,Заочная,maga,Магистратура,Социальная работа (Социально-проектная деятельность),"<b>Факультет</b>: Социологический факультет

<b>Срок обучения</b> 2,5 года

<b>Перечень вступительных испытаний:</b>
·Социология - от 30 баллов

<b>Количество мест</b>
·- бюджетных мест
·20 платных мест

<b>Стоимость обучения</b>

",
66,histor,Факультет истории и права,zaoch,Заочная,maga,Магистратура,Юриспруденция (Правовое обеспечение государственной и муниципальной службы),"<b>Факультет</b>: Факультет истории и права

<b>Срок обучения</b> 2,5 года

<b>Перечень вступительных испытаний:</b>
·Теория государства и права - от 30 баллов

<b>Количество мест</b>
·5 бюджетных мест
·20 платных мест

<b>Стоимость обучения</b>

",
67,histor,Факультет истории и права,zaoch,Заочная,maga,Магистратура,"Юриспруденция (Уголовное право, уголовный процесс)","<b>Факультет</b>: Факультет истории и права

<b>Срок обучения</b> 2,5 года

<b>Перечень вступительных испытаний:</b>
·Теория государства и права - от 30 баллов

<b>Количество мест</b>
·- бюджетных мест
·25 платных мест

<b>Стоимость обучения</b>

",
68,histor,Факультет истории и права,zaoch,Заочная,maga,Магистратура,"Юриспруденция (Гражданское право, гражданский процесс)","<b>Факультет</b>: Факультет истории и права

<b>Срок обучения</b> 2,5 года

<b>Перечень вступительных испытаний:</b>
·Теория государства и права - от 30 баллов

<b>Количество мест</b>
·- бюджетных мест
·25 платных мест

<b>Стоимость обучения</b>

",
69,histor,Факультет истории и права,zaoch,Заочная,maga,Магистратура,История (История России и Запада нового и новейшего времени),"<b>Факультет</b>: Факультет истории и права

<b>Срок обучения</b> 2,5 года

<b>Перечень вступительных испытаний:</b>
·История России - от 30 баллов

<b>Количество мест</b>
·- бюджетных мест
·20 платных мест

<b>Стоимость обучения</b>

",
27,filfak,Филологический факультет,och,Очная,baka,Бакалавриат/специалитет,"Педагогическое образование (Английский, немецкий языки)","<b>Факультет</b>: Филологический факультет

<b>Срок обучения</b> 5 лет

<b>Минимальные баллы ЕГЭ</b>
·Русский язык - от 40 баллов
·Обществознание - от 45 баллов
·Иностранный язык  - от 30 баллов

<b>Количество мест</b>
·13 бюджетных мест
·40 платных мест

<b>Стоимость обучения</b>
106 700

<b>О программе</b>
Программа «Педагогическое образование» – это эффективное сочетание фундаментальной подготовки в области филологии и  освоения современных тенденций сферы педагогики. Студенты направления получают широкий академический кругозор и уникальный портфель актуальных компетенций в области современного английского и французского языков, зарубежной литературы, корпусной лингвистики, теории и методики обучения, возможность погрузиться в работу над научными проектами уже на ранних курсах, а затем продолжить выбранный путь в магистратуре. Но главное – программа максимально практикоориентирована, основной результат обучения – уверенное, профессиональное владение иностранными языками, что делает выпускников востребованными в самых разных областях деятельности

<b>Кому подойдет программа</b>
Программа даёт актуальное и качественное педагогическое образование в области филологии. Выпускники программы преподают в престижных учебных заведениях общего (основного) образования, среднего профессионального образования, дополнительного образования региона и страны, работают переводчиками, находят себя в работе с зарубежными фирмами и сфере туризма, становятся сотрудниками органов государственного управления. Среди основных областей их профессиональной деятельности – образование, социальная сфера, наука, культура, медиа, межкультурная коммуникация. Многие из них успешно продолжают осваивать выбранное на бакалавриате направление, развиваются по намеченному маршруту научной деятельности в рамках магистерских программ как СмолГУ, так и ведущих вузов Москвы, Санкт-Петербурга, Европы.


",Иностранный язык|Обществознание|Русский язык
70,yprav,Факультет экономики и управления,zaoch,Заочная,maga,Магистратура,Экономика (Финансовая безопасность и контроллинг),"<b>Факультет</b>: Факультет экономики и управления

<b>Срок обучения</b> 2,5 года

<b>Перечень вступительных испытаний:</b>
·Экономика - от 30 баллов

<b>Количество мест</b>
·- бюджетных мест
·20 платных мест

<b>Стоимость обучения</b>

",
15,xydgraf,Художественно-графический факультет,och,Очная,baka,Бакалавриат/специалитет,Дизайн (Дизайн интерьера),"<b>Факультет</b>: Художественно-графический факультет

<b>Срок обучения</b> 4 года

<b>Минимальные баллы ЕГЭ</b>
·Русский язык - от 40 баллов
·Литература - от 40 баллов
·Творческое испытание - от 50 баллов

<b>Количество мест</b>
·10 бюджетных мест
·5 платных мест

<b>Стоимость обучения</b>
207 800

<b>О программе</b>
Подготовка специалистов по разным направлениям дизайна осуществляется на художественно-графическом факультете СмолГУ с 1999 года. В 2022 году абитуриентам предлагается обновлённая образовательная программа по интерьерному дизайну, созданная на основе ранее реализовывавшейся программы «Дизайн среды». В новой программе акцент сделан на проектирование интерьера и интерьерного оборудования. В рамках программы реализован модульный принцип и проектный подход, ориентированный на создание профессионального портфолио каждого студента. В процессе обучения студенты знакомятся с разными стилями — от классицизма и ар-нуво до хай-тека, учатся грамотно их применять и сочетать в современных интерьерах; знакомятся с правилами выполнения замеров и технических чертежей в Archiсad, AutoCAD; узнают, как сделать эргономичную планировку квартиры; учатся создавать объёмные модели интерьеров и визуально представлять свои идеи заказчикам. Кроме того, студентам предстоит изучить рисунок, живопись, формальную композицию, цветоведение и колористику, проектную графику, макетирование, проектирование мебели, проектирование жилого и общественного интерьера, и т.д. Дизайнеры интерьеров превращают пустые бетонные коробки в уютные дома.

<b>Кому подойдет программа</b>
Программа ориентирована на тех, кому интересна сфера творческой деятельности. Она подойдёт тем, кто умеет креативно мыслить, готов работать с большим массивом информации, организовывать собственное время, расставлять приоритеты, ориентироваться на требования клиента и знать самые современные тренды в профессии. Получение образования на художественно-графическом факультете по направлению подготовки «Дизайн интерьера» позволяет работать дизайнером, менеджером, руководителем собственной дизайн-студии или проектного коллектива. Приобретённые в процессе обучения знания и умения позволяют выпускнику заниматься разработкой интерьеров жилых и общественных помещений (кафе, рестораны, школы, торговые центры и магазины), проектировать авторское интерьерное оборудование и мебель. Приобретённые в процессе обучения знания и умения позволяют занять руководящие должности в бизнесе, помогают управлять персоналом и понимать все особенности производственного процесса.

",Литература|Русский язык|Творческий экзамен в ВУЗе
71,yprav,Факультет экономики и управления,zaoch,Заочная,maga,Магистратура,Менеджмент (Маркетинговые коммуникации и бизнес-аналитика),"<b>Факультет</b>: Факультет экономики и управления

<b>Срок обучения</b> 2,5 года

<b>Перечень вступительных испытаний:</b>
·Менеджмент - от 30 баллов

<b>Количество мест</b>
·- бюджетных мест
·20 платных мест

<b>Стоимость обучения</b>

",
2,yprav,Факультет экономики и управления,och,Очная,baka,Бакалавриат/специалитет,Экономика (Финансы и кредит),"<b>Факультет</b>: Факультет экономики и управления

<b>Срок обучения</b> 4 года

<b>Минимальные баллы ЕГЭ</b>
·Математика - от 39 баллов
·Русский язык - от 40 баллов
·Обществознание (экзамен по выбору) - от 45 баллов
·История (экзамен по выбору) - от 35 баллов
·Иностранный язык  (экзамен по выбору) - от 30 баллов

<b>Количество мест</b>
·- бюджетных мест
·50 платных мест

<b>Стоимость обучения</b>
106 700

<b>О программе</b>
Студенты научатся анализировать и интерпретировать финансовую, статистическую информацию финансовых, кредитных, биржевых организаций для принятия управленческих решений; составлять проекты бюджетов разных уровней, смет доходов и расходов, оценивать фондовую привлекательность вложений, целесообразность инвестиционных проектов; составлять финансовые и бизнес-планы согласно правилам финансовой отчётности; разрабатывать современные финансовые и кредитные услуги, анализировать и оценивать риски, проводить мероприятия по их снижению; оценивать финансовое состояние организации, кредитоспособность заёмщиков.
Программа основана на сочетании актуальной теории и большого объёма практики.

<b>Кому подойдет программа</b>
Программа ориентирована на тех, кто хочет быть востребованным на рынке труда, иметь достойную заработную плату и аналитическую работу с возможностью самореализации.
",Иностранный язык|История|Математика|Русский язык
3,geograf,Естественно-географический факультет,och,Очная,baka,Бакалавриат/специалитет,"Педагогическое образование (Биология, химия)","<b>Факультет</b>: Естественно-географический факультет

<b>Срок обучения</b> 5 лет

<b>Минимальные баллы ЕГЭ</b>
·Русский язык - от 40 баллов
·Химия (экзамен по выбору) - от 39 баллов
·Обществознание - от 45 баллов
·Биология (экзамен по выбору) - от 39 баллов

<b>Количество мест</b>
·20 бюджетных мест
·5 платных мест

<b>Стоимость обучения</b>
106 700

<b>О программе</b>
Обучение включает сочетание глубоких теоретических знаний по дисциплинам естественнонаучного и психолого-педагогического циклов и большого объёма учебных практик, проходящих в полевых условиях.
Особенностью направления подготовки является то, что  большая часть занятий по химическим и биологическим дисциплинам проводится в специализированных лабораториях.
Студенты активно участвуют в научно-исследовательской работе по изучению редких и исчезающих видов растений и животных, по оценке состояния окружающей среды, анализу химического состава пищевых продуктов и бытовой химии.

<b>Кому подойдет программа</b>
Программа ориентирована на всех, кто интересуется биологией, химией, любит работать с детьми. Профессия обладает большим творческим потенциалом и возможностью постоянного саморазвития. Выпускники востребованы не только в образовательных учреждениях, но и на промышленных предприятиях, имеющих химические производства.
",Биология|Обществознание|Русский язык|Химия
11,histor,Факультет истории и права,och,Очная,baka,Бакалавриат/специалитет,Международные отношения (Международные отношения и мировая политика),"<b>Факультет</b>: Факультет истории и права

<b>Срок обучения</b> 4 года

<b>Минимальные баллы ЕГЭ</b>
·Русский язык - от 40 баллов
·Обществознание (экзамен по выбору) - от 45 баллов
·История - от 35 баллов
·Иностранный язык  - от 30 баллов

<b>Количество мест</b>
·- бюджетных мест
·30 платных мест

<b>Стоимость обучения</b>
106 700

<b>О программе</b>
Студенты получают качественную профессиональную подготовку и прочные теоретические знания в области истории, политологии, экономики, права, мировой политики и многих других дисциплин, необходимых для понимания международных процессов, на основании современных образовательных технологий.
Бакалавры изучают два иностранных языка, основы делопроизводства и документооборота на родном и иностранном языках и вырабатывают навыки прикладного характера. Программа развивает научно-исследовательские и экспертно-аналитические способности.
Выпускники могут работать в государственных ведомствах, федеральных и региональных органах власти, российских и зарубежных коммерческих и некоммерческих организациях.

<b>Кому подойдет программа</b>
Главные качества нашего абитуриента – это знание истории и хотя бы одного иностранного языка, стремление к самосовершенствованию, коммуникабельность.


",Иностранный язык|История|Русский язык
12,soc,Социологический факультет,och,Очная,baka,Бакалавриат/специалитет,Психолого-педагогическое образование (Психология и социальная педагогика),"<b>Факультет</b>: Социологический факультет

<b>Срок обучения</b> 4 года

<b>Минимальные баллы ЕГЭ</b>
·Математика (экзамен по выбору) - от 39 баллов
·Русский язык - от 40 баллов
·Обществознание (экзамен по выбору) - от 45 баллов
·Биология - от 39 баллов

<b>Количество мест</b>
·15 бюджетных мест
·30 платных мест

<b>Стоимость обучения</b>
106 700

<b>О программе</b>
Программа готовит квалифицированных специалистов в области психолого-педагогического образования. Она ориентирована на развитие профессиональных компетенций, соответствующих профессиональным стандартам «Педагога-психолога» и «Социального педагога». Это позволяет формировать необходимые знания и навыки в двух смежных сферах: психолого-педагогической и социально-педагогической деятельности. Выпускники программы освоят методы психолого-педагогической и социально-педагогической диагностики, консультирования, коррекции и профилактики, которые успешно применяются в работе не только с детьми и подростками, но и с другими возрастными группами.

<b>Кому подойдет программа</b>
Программа ориентирована на всех, кто интересуется практической психологией и социальной педагогикой, направлена на оказание помощи в решении личностных и социальных проблем, на развитие внутренних ресурсов человека. Обе профессии обладают большим творческим потенциалом и возможностью постоянного саморазвития. Выпускники всегда востребованы не только в образовательных организациях всех уровней и типов, но и в учреждениях социальной защиты, культуры, в правоохранительных органах, а также в коммерческих организациях образовательного профиля.
",Биология|Математика|Обществознание|Русский язык
13,soc,Социологический факультет,och,Очная,baka,Бакалавриат/специалитет,Организация работы с молодёжью (Работа с молодёжью в образовательных и культурно-досуговых организациях),"<b>Факультет</b>: Социологический факультет

<b>Срок обучения</b> 4 года

<b>Минимальные баллы ЕГЭ</b>
·Русский язык - от 40 баллов
·Обществознание (экзамен по выбору) - от 45 баллов
·История - от 35 баллов
·Иностранный язык  (экзамен по выбору) - от 30 баллов

<b>Количество мест</b>
·- бюджетных мест
·30 платных мест

<b>Стоимость обучения</b>
106 700

<b>О программе</b>
Студенты приобретают  необходимые знания, умения и навыки для организации досуга и отдыха детей, подростков и молодёжи, учатся планировать, координировать и контролировать проведение мероприятий в сфере молодёжной политики, проводить мониторинговые исследования с выявлением проблем в сфере молодёжной политики, разрабатывать и реализовывать профильные проекты и программы совместно с общественными институтами, молодёжными и детскими общественными объединениями, внедрять инновационные формы и методы организации работы с подростками и молодёжью.

<b>Кому подойдет программа</b>
Программа ориентирована на тех, кто отзывчив, инициативен и ответственен, обладает коммуникативными и организаторскими способностями, не представляет свою жизнь без физической и социальной активности, умеет находить контакт с разными людьми, готов принимать решения и адаптироваться к меняющимся условиям, хочет работать в команде творческих и отзывчивых людей для достижения общей цели.

",Иностранный язык|История|Обществознание|Русский язык
14,yprav,Факультет экономики и управления,och,Очная,baka,Бакалавриат/специалитет,Экономическая безопасность (Экономико-правовое обеспечение экономической безопасности),"<b>Факультет</b>: Факультет экономики и управления

<b>Срок обучения</b> 5 лет

<b>Минимальные баллы ЕГЭ</b>
·Математика - от 39 баллов
·Русский язык - от 40 баллов
·Информатика и ИКТ (экзамен по выбору) - от 44 баллов
·Обществознание (экзамен по выбору) - от 45 баллов
·История (экзамен по выбору) - от 35 баллов

<b>Количество мест</b>
·- бюджетных мест
·50 платных мест

<b>Стоимость обучения</b>
106 700

<b>О программе</b>
Выпускники специалитета работают в области государственного и коммерческого управления, их деятельность связана с предотвращением возникающих угроз, защиты экономических интересов государственных органов власти, бюджетной системы, российских государственных и частных корпораций, банков, инвестиционных компаний.
Студенты учатся выявлять внешние и внутренние угрозы экономической безопасности страны, её регионов и отраслей; применять инструменты и механизмы нейтрализации и предотвращения возникающих угроз, защиты экономических интересов государственных органов власти и коммерческих организаций.

<b>Кому подойдет программа</b>
Программа ориентирована на тех, кто хочет быть востребованным на рынке труда, иметь достойную заработную плату и аналитическую работу с возможностью самореализации в области экономической безопасности.
",Информатика и ИКТ|История|Математика|Обществознание|Русский язык
18,geograf,Естественно-географический факультет,och,Очная,baka,Бакалавриат/специалитет,"Педагогическое образование (География, биология)","<b>Факультет</b>: Естественно-географический факультет

<b>Срок обучения</b> 5 лет

<b>Минимальные баллы ЕГЭ</b>
·Русский язык - от 40 баллов
·География (экзамен по выбору) - от 39 баллов
·Обществознание - от 45 баллов
·Биология (экзамен по выбору) - от 39 баллов

<b>Количество мест</b>
·20 бюджетных мест
·5 платных мест

<b>Стоимость обучения</b>
106 700

<b>О программе</b>
Обучение включает сочетание глубоких теоретических знаний по дисциплинам естественнонаучного и психолого-педагогического циклов и большого объёма учебных практик, проходящих в полевых условиях.
Особенностью направления является  возможность изучения природных и социально-экономических особенностей различных регионов России и зарубежных стран в ходе выездных практик.
 Студенты активно участвуют в научной работе и исследовательских экспедициях  по изучению и сохранению природы различных регионов.  

<b>Кому подойдет программа</b>
Программа ориентирована на всех, кто интересуется географией, биологией, любит работать с детьми. Профессия обладает большим творческим потенциалом и возможностью постоянного саморазвития. Выпускники успешно работают и в сфере туриндустрии.
",Биология|География|Обществознание|Русский язык
20,fizmat,Физико-математический ,och,Очная,baka,Бакалавриат/специалитет,Прикладная информатика (Информационные системы организаций и предприятий),"<b>Факультет</b>: Физико-математический 

<b>Срок обучения</b> 4 года

<b>Минимальные баллы ЕГЭ</b>
·Математика - от 39 баллов
·Русский язык - от 40 баллов
·Физика (экзамен по выбору) - от 39 баллов
·Информатика и ИКТ (экзамен по выбору) - от 44 баллов

<b>Количество мест</b>
·- бюджетных мест
·30 платных мест

<b>Стоимость обучения</b>
124 400

<b>О программе</b>
Основная особенность программы – ярко выраженная направленность на приобретение конкретных практических знаний и умений, необходимых для последующей успешной работы во всех сферах профессиональной деятельности, связанной с использованием, развитием и совершенствованием информационных систем, применяемых в любой сфере бизнеса или государственного сектора.

<b>Кому подойдет программа</b>
Выпускник сможет заниматься системно-аналитической, организационно-управленческой, эксплуатационной, проектной, производственно-технологической деятельностью, работать с сетевыми и интернет технологиями, базами данных, системами цифровизации различного производственного и административного назначения.
",Информатика и ИКТ|Математика|Русский язык|Физика
23,histor,Факультет истории и права,och,Очная,baka,Бакалавриат/специалитет,Судебная / прокурорская деятельность,"<b>Факультет</b>: Факультет истории и права

<b>Срок обучения</b> 5 лет

<b>Минимальные баллы ЕГЭ</b>
·Русский язык - от 40 баллов
·Обществознание - от 45 баллов
·История (экзамен по выбору) - от 35 баллов
·Иностранный язык  (экзамен по выбору) - от 30 баллов

<b>Количество мест</b>
·- бюджетных мест
·30 платных мест

<b>Стоимость обучения</b>
106 700

<b>О программе</b>
Студенты получают глубокие теоретические и практические знания в базовых отраслях права: уголовном, административном и гражданском праве; уголовном, гражданском, административном и арбитражном процессе; криминалистике; оперативно-розыскной деятельности; криминологии.
Программа развивает творческие способности выпускников, обладающих правоприменительными и нормотворческими навыками. Через три года обучения студенты могут выбрать узкий профиль, который будет им интересен (судебная или прокурорская деятельность).

<b>Кому подойдет программа</b>
Программа ориентирована на тех, кто готов к постоянному самосовершенствованию, получению новых знаний, хочет быть востребованным специалистом на рынке труда и интересуется правом.",Иностранный язык|История|Обществознание|Русский язык
24,histor,Факультет истории и права,och,Очная,baka,Бакалавриат/специалитет,"Педагогическое образование (История, обществознание)","<b>Факультет</b>: Факультет истории и права

<b>Срок обучения</b> 5 лет

<b>Минимальные баллы ЕГЭ</b>
·Русский язык - от 40 баллов
·Обществознание - от 45 баллов
·История (экзамен по выбору) - от 35 баллов
·Английский язык (экзамен по выбору) - от 30 баллов

<b>Количество мест</b>
·20 бюджетных мест
·15 платных мест

<b>Стоимость обучения</b>
106 700

<b>О программе</b>
Основная цель программы – подготовка конкурентоспособного профессионала, готового к деятельности в системе образования, культуры, способного к практической реализации полученных знаний, дальнейшему профессиональному самосовершенствованию и творческому развитию.

<b>Выпускники могут:</b>
- осуществлять профессиональную деятельность в соответствии с нормативно-правовыми актами в сфере образования и нормами профессиональной этики;
- проектировать, реализовать и оценивать педагогическую деятельность на основе специальных научных знаний;
- организовывать совместную и индивидуальную учебную и воспитательную деятельность обучающихся, в том числе с особыми образовательными потребностями;
-контролировать и оценивать формирование образовательных результатов обучающихся, выявление и корректировать трудности в обучении;
- взаимодействовать  с участниками образовательных отношений.

<b>Кому подойдет программа</b>
Программа классического университетского образования ориентирована на тех, кто хочет стать высокопрофессиональным преподавателем дисциплин гуманитарного профиля.
",Иностранный язык|Обществознание|Русский язык|История
25,xydgraf,Художественно-графический факультет,och,Очная,baka,Бакалавриат/специалитет,Дизайн (Графический дизайн),"<b>Факультет</b>: Художественно-графический факультет

<b>Срок обучения</b> 4 года

<b>Минимальные баллы ЕГЭ</b>
·Русский язык - от 40 баллов
·Литература - от 40 баллов
·Творческое испытание - от 50 баллов

<b>Количество мест</b>
·- бюджетных мест
·12 платных мест

<b>Стоимость обучения</b>
207 800

<b>О программе</b>
Подготовка специалистов по разным направлениям дизайна осуществляется на художественно-графическом факультете СмолГУ с 1999 года. В 2022 году абитуриентам предлагается обновлённая образовательная программа по графическому дизайну, в рамках которой реализован модульный принцип и проектный подход, ориентированный на создание профессионального портфолио каждого студента. В процессе обучения студенты изучают основной пакет профессиональных программ, таких как Adobe Illustrator, Photoshop, InDesign, Coreldraw, а также знакомятся с технологическими процессами полиграфии. Кроме того, студенты изучают рисунок, живопись, формальную композицию, цветоведение и колористику, проектирование в рекламной и промышленной графике и т.д.

<b>Кому подойдет программа</b>
Программа ориентирована на тех, кому интересна сфера творческой деятельности. Она подойдёт тем, кто умеет креативно мыслить, готов работать с большим массивом информации, организовывать собственное время, расставлять приоритеты, ориентироваться на требования клиента и знать тренды в профессии. Приобретённые в процессе обучения знания и умения позволяют выпускнику заниматься разработкой фирменного стиля, созданием рекламной продукции, проектированием печатной продукции (упаковка, календарь, буклет, книга и т.д.), разработкой и созданием плакатов, баннеров, работой с веб-продукцией. Приобретённые в процессе обучения знания и умения позволяют занять руководящие должности в бизнесе, помогают управлять персоналом и понимать все особенности производственного процесса.

",Литература|Русский язык|Творческий экзамен в ВУЗе
26,soc,Социологический факультет,och,Очная,baka,Бакалавриат/специалитет,Социология (Прикладная социология),"<b>Факультет</b>: Социологический факультет

<b>Срок обучения</b> 4 года

<b>Минимальные баллы ЕГЭ</b>
·Математика (экзамен по выбору) - от 39 баллов
·Русский язык - от 40 баллов
·Обществознание - от 45 баллов
·История (экзамен по выбору) - от 35 баллов

<b>Количество мест</b>
·22 бюджетных мест
·15 платных мест

<b>Стоимость обучения</b>
106 700

<b>О программе</b>
Студенты получают фундаментальную подготовку, сочетающую в себе прочные теоретические знания в области социогуманитарных наук, профессиональные умения и навыки прикладного характера. Программа готовит специалистов по работе с большими объёмами данных, способных проектировать и проводить социологические и маркетинговые исследования; формирует навыки анализа информации и выработки рекомендаций в экономической, политической и социокультурной сферах для принятия управленческих решений. Студенты знакомятся как с классическими, так и с наиболее актуальными теориями социологии в контексте возможностей их применения в аналитической и исследовательской деятельности. В образовательный процесс внедрены инновационные методы обучения: метод проблемного изложения, презентации, дискуссии, кейс-стади, работа в группах, метод мозгового штурма, метод критического мышления, викторины, мини-исследования, деловые и ролевые игры.

<b>Кому подойдет программа</b>
Программа ориентирована на тех, кто
обладает гибкостью и динамичностью мышления, хорошо развитой концентрацией и устойчивостью внимания, кто способен длительное время сосредотачиваться на одном объекте или предмете; стремится достигнуть конкретного знания о социальных процессах и явлениях; готов творчески подходить к работе и имеет активную жизненную позицию.


",История|Математика|Обществознание|Русский язык
34,soc,Социологический факультет,och,Очная,baka,Бакалавриат/специалитет,Социальная работа (Социальная работа в государственных и негосударственных организациях),"<b>Факультет</b>: Социологический факультет

<b>Срок обучения</b> 4 года

<b>Минимальные баллы ЕГЭ</b>
·Русский язык - от 40 баллов
·Обществознание (экзамен по выбору) - от 45 баллов
·История - от 35 баллов
·Иностранный язык  (экзамен по выбору) - от 30 баллов

<b>Количество мест</b>
·- бюджетных мест
·30 платных мест

<b>Стоимость обучения</b>
106 700

<b>О программе</b>
Программа готовит квалифицированных специалистов, владеющих современными технологиями социальной работы, социального управления и социального проектирования. Профессиональная подготовка даёт возможность развить свои умения и навыки в деятельности государственных социальных служб и разнообразных благотворительных организаций, а также в сфере социального предпринимательства. Междисциплинарный принцип подготовки и практикоориентированная направленность обучения формируют широкий спектр профессиональных компетенций повышения качества жизни различных групп населения.

<b>Кому подойдет программа</b>
Наша программа готовит к работе со всеми категориями граждан и позволяет выбрать наиболее привлекательную из них – от психосоциальной помощи семье до разработки региональных программ социальной реабилитации инвалидов. Выпускники востребованы в многочисленных социальных службах, органах управления социальной сферой, некоммерческих организациях; также имеют возможность организации социально-ориентированного бизнеса.
",Иностранный язык|История|Обществознание|Русский язык
28,fizmat,Физико-математический ,och,Очная,baka,Бакалавриат/специалитет,Строительство (Промышленное и гражданское строительство),"<b>Факультет</b>: Физико-математический 

<b>Срок обучения</b> 4 года

<b>Минимальные баллы ЕГЭ</b>
·Математика - от 39 баллов
·Русский язык - от 40 баллов
·Физика - от 39 баллов

<b>Количество мест</b>
·- бюджетных мест
·30 платных мест

<b>Стоимость обучения</b>
106 700

<b>О программе</b>
Промышленное и гражданское строительство – одно из самых востребованных и престижных направлений. В процессе подготовки студенты получают не только основательные теоретические знания, необходимые в профессии, но и практические навыки. Выпускник готов к проектно-конструкторской, производственной, технологической, монтажно-наладочной, эксплуатационной, а также исследовательской профессиональной деятельности.

<b>Кому подойдет программа</b>
Выпускники подготовлены к следующим видам профессиональной деятельности:

<b>В области изыскательской и проектно-конструкторской деятельности:</b>
Сбор и систематизация информационных и исходных данных для проектирования зданий, сооружений, инженерных систем и оборудования, планировки и застройки населенных мест;
 расчет и конструирование деталей и узлов с использованием стандартных средств автоматизации проектирования и мн. др.

<b>В области производственно-технологической и производственно-управленческой деятельности:</b>
Организация рабочих мест, их техническое оснащение, размещение технологического оборудования;
контроль соблюдения технологической дисциплины;
обслуживание технологического оборудования и машин и мн.др.

<b>В области экспериментально-исследовательской деятельности:</b>
Изучение и анализ научно-технической информации, отечественного и зарубежного опыта по профилю деятельности;
использование стандартных пакетов автоматизации проектирования и исследований и мн.др.

<b>В области монтажно-наладочной и сервисно-эксплуатационной деятельности:</b>
Монтаж, наладка, испытания и сдача в эксплуатацию конструкций, инженерных систем и оборудования строительных объектов, образцов продукции, выпускаемой предприятием;
опытная проверка оборудования и средств технологического обеспечения.

",Математика|Русский язык|Физика
30,fizmat,Физико-математический ,och,Очная,baka,Бакалавриат/специалитет,"Педагогическое образование (Математика, информатика)","<b>Факультет</b>: Физико-математический 

<b>Срок обучения</b> 5 лет

<b>Минимальные баллы ЕГЭ</b>
·Математика (экзамен по выбору) - от 39 баллов
·Русский язык - от 40 баллов
·Физика (экзамен по выбору) - от 39 баллов
·Обществознание - от 45 баллов

<b>Количество мест</b>
·30 бюджетных мест
·15 платных мест

<b>Стоимость обучения</b>
106 700

<b>О программе</b>
Студенты получают фундаментальную подготовку, сочетающую в себе как прочные теоретические знания в области математики, информатики /физики, так и профессиональные умения и навыки прикладного характера, связанные с обучением математике и информатике. Программа готовит специалистов, умеющих оперировать понятиями современной математики, физики и информатики; применять современные методы и технологии обучения; проводить педагогические исследования; понимать закономерности интеллектуального и личностного развития обучающегося и в соответствии с этим организовывать образовательную среду. Выпускники программы отвечают современным требованиям рынка труда в системе образования.

<b>Кому подойдет программа</b>
Программа ориентирована на тех, кто готов к взаимодействию с людьми, постоянному самосовершенствованию, усвоению и передаче обучающимся предметных знаний по математике и информатике, овладению современными информационными технологиями, языками программирования, анализу данных. Получение образования на педагогическом направлении физико-математического факультета позволяет работать в разнообразных направлениях, например:
учитель математики и информатики, преподаватель (в организациях среднего (основного и полного) общего и профессионального образования, специалист в службах повышения квалификации различных предприятий, связанных с освоением, обучением и применением цифровых платформ, автоматизированных информационных систем, их тестированием и продвижением).

<b>Руководитель:</b>
Коммуникативные способности педагога-математика и информатика позволяют занять руководящие должности как в сфере образования, так и в управлении, в бизнесе.

<b>Экономист, бухгалтер, статистик</b>
Математики и информатики прекрасно проявляют себя в финансово-экономической деятельности, хорошо оперируют с числовыми данными и закономерностями, статистической отчетностью, анализом и планированием, прогнозированием.

<b>Специалист по интеллектуальной обработке данных</b>
 Второе название профессии — DataScientist — учёный по данным. Этот специалист управляет несколькими мощными компьютерами, обрабатывающими поступающую информацию.

<b>Интернет-аналитик</b>
Сфера информационных технологий является хорошим и перспективным направлением деятельности для математиков и информатиков, так как позволяет самостоятельно проводить множество исследований, строить математические и информационные модели явлений и процессов, анализировать данные самой различной природы, оценивать результаты, делать обоснованные заключения.
",Математика|Обществознание|Русский язык|Физика
31,psixolog,Психолого-педагогический факультет,och,Очная,baka,Бакалавриат/специалитет,"Педагогическое образование (Дошкольное образование, коррекционная педагогика)","<b>Факультет</b>: Психолого-педагогический факультет

<b>Срок обучения</b> 5 лет

<b>Минимальные баллы ЕГЭ</b>
·Математика (экзамен по выбору) - от 39 баллов
·Русский язык - от 40 баллов
·Обществознание - от 45 баллов
·Биология (экзамен по выбору) - от 39 баллов

<b>Количество мест</b>
·20 бюджетных мест
·10 платных мест

<b>Стоимость обучения</b>
106 700

<b>О программе</b>
Освоение образовательной программы позволит овладеть компетенциями, необходимыми для педагогов дошкольного образования. Программа обеспечит обучающихся знаниями и умениями организации совместной и индивидуальной деятельности детей, выявления и корректировки проблем в развитии, педагогического сопровождения детей с нарушениями эмоционально-волевой сферы, интеллекта, речи, с сенсорными нарушениями, реализации индивидуализации обучения и воспитания детей.
Выпускники могут выстраивать взаимодействие с участниками образовательных отношений, проектировать и осуществлять педагогическую деятельность на основе специальных научных знаний.

<b>Кому подойдет программа</b>
Программа будет полезна тем, кому интересен мир детства, психолого-педагогические проблемы развития ребёнка.
",Биология|Математика|Обществознание|Русский язык
32,yprav,Факультет экономики и управления,och,Очная,baka,Бакалавриат/специалитет,Менеджмент (Цифровой маркетинг и бренд-менеджмент),"<b>Факультет</b>: Факультет экономики и управления

<b>Срок обучения</b> 4 года

<b>Минимальные баллы ЕГЭ</b>
·Математика - от 39 баллов
·Русский язык - от 40 баллов
·Информатика и ИКТ (экзамен по выбору) - от 44 баллов
·Обществознание (экзамен по выбору) - от 45 баллов
·Иностранный язык  (экзамен по выбору) - от 30 баллов

<b>Количество мест</b>
·- бюджетных мест
·50 платных мест

<b>Стоимость обучения</b>
106 700

<b>О программе</b>
Студенты учатся анализировать рынок и выстраивать на этой основе эффективные кампании; использовать программы для анализа данных, графического дизайна и видеомонтажа, которые используют в своей работе Digital-агентства; создавать сайты и приложения, проводить их оптимизацию, настраивать рекламные каналы и проводить аналитику реализованных решений; использовать инструменты построения бренда компании, начиная от анализа рынка и заканчивая правовыми аспектами защиты интеллектуальной собственности. Программа основана на сочетании актуальной теории и большого объёма практики. Выпускники смогут работать в рекламных и брендинговых агентствах, интернет- и web-студиях, в интернет-магазинах, на крупных предприятиях и в банках, а также стать успешными руководителями собственного бизнеса.

<b>Кому подойдет программа</b>
Программа ориентирована на тех, кто хочет быть востребованным на рынке труда, иметь достойную заработную плату и творческую работу с возможностью самореализации. Работодатели заинтересованы в специалистах в области интернет-менеджмента и интернет-маркетинга. Этому свидетельствует огромное количество вакансий по всей России.



",Иностранный язык|Информатика и ИКТ|Математика|Обществознание|Русский язык
41,psixolog,Психолого-педагогический факультет,zaoch,Заочная,baka,Бакалавриат/специалитет,Психолого-педагогическое образование (Дошкольное образование),"<b>Факультет</b>: Психолого-педагогический факультет

<b>Срок обучения</b> 5 лет

<b>Минимальные баллы</b>
·Русский язык - от 40 баллов
·Биология - от 39 баллов
·Обществознание (экзамен по выбору) - от 45 баллов
·Математика (экзамен по выбору) - от 39 баллов

<b>Перечень вступительных испытаний на базе СПО</b>
·Основы психологии - от 40 баллов
·Основы педагогики- от 40 баллов
·Русский язык - от 40 баллов

<b>Количество мест</b>
·18 бюджетных мест
·10 платных мест

<b>Стоимость обучения</b>",
35,geograf,Естественно-географический факультет,och,Очная,baka,Бакалавриат/специалитет,Ландшафтная архитектура (Ландшафтный дизайн),"<b>Факультет</b>: Естественно-географический факультет

<b>Срок обучения</b> 4 года

<b>Минимальные баллы ЕГЭ</b>
·Математика - от 39 баллов
·Русский язык - от 40 баллов
·Биология - от 39 баллов

<b>Количество мест</b>
·- бюджетных мест
·25 платных мест

<b>Стоимость обучения</b>


<b>О программе</b>
Направление подготовки находится на стыке двух факультетов – естественно-географического и художественно-графического.
В ходе обучения студенты получают профессиональную подготовку в области теоретических и прикладных аспектов биологии, ландшафтоведения, геодезии, дизайна и проектирования, ландшафтной архитектуры, развивают практические умения и навыки проектирования и благоустройства территорий.
Значительное количество учебного времени уделяется практикам, которые проводятся  в различных организациях с последующим трудоустройством.


<b>Кому подойдет программа</b>
Программа ориентирована на всех, кто интересуется биологией и дизайном и готов соединить эти два направления, став профессионалом в области ландшафтного дизайна, кто хочет внести свой вклад в благоустройство и развитие своего региона. Профессия обладает большим творческим потенциалом и возможностью постоянного саморазвития. 
",Биология|Математика|Русский язык
36,geograf,Естественно-географический факультет,zaoch,Заочная,baka,Бакалавриат/специалитет,Землеустройство и кадастры (Кадастр недвижимости),"<b>Факультет</b>: Естественно-географический факультет

<b>Срок обучения</b> 4,5 года

<b>Минимальные баллы</b>
·Математика (экзамен по выбору) - от 39 баллов
·Русский язык - от 40 баллов
·География - от 40 баллов
·Физика (экзамен по выбору) - от 39 баллов

<b>Перечень вступительных испытаний на базе СПО</b>
·Общее землеведение - от 40 баллов
·Основы картографии и типографии - от 40 баллов
·Русский язык - от 40 баллов

<b>Количество мест</b>
·- бюджетных мест
·30 платных мест

<b>Стоимость обучения</b>

",
37,geograf,Естественно-географический факультет,zaoch,Заочная,baka,Бакалавриат/специалитет,Туризм (Технология и организация туроператорских и турагентских услуг),"<b>Факультет</b>: Естественно-географический факультет

<b>Срок обучения</b> 4,5 года

<b>Минимальные баллы</b>
·История (экзамен по выбору) - от 35 баллов
·Русский язык - от 40 баллов
·География - от 40 баллов
·Обществознание (экзамен по выбору) - от 45 баллов

<b>Перечень вступительных испытаний на базе СПО</b>
·Общее землеведение - от 40 баллов
·География туризма - от 40 баллов
·Русский язык - от 40 баллов

<b>Количество мест</b>
·- бюджетных мест
·25 платных мест

<b>Стоимость обучения</b>

",
38,geograf,Естественно-географический факультет,zaoch,Заочная,baka,Бакалавриат/специалитет,Педагогическое образование (География),"<b>Факультет</b>: Естественно-географический факультет

<b>Срок обучения</b> 5 лет

<b>Минимальные баллы</b>
·Русский язык - от 40 баллов
·География - от 40 баллов
·Обществознание - от 45 баллов

<b>Перечень вступительных испытаний на базе СПО</b>
·Общее землеведение - от 40 баллов
·Основы педагогики- от 40 баллов
·Русский язык - от 40 баллов

<b>Количество мест</b>
·18 бюджетных мест
·7 платных мест

<b>Стоимость обучения</b>

",
39,psixolog,Психолого-педагогический факультет,zaoch,Заочная,baka,Бакалавриат/специалитет,Психолого-педагогическое образование (Психология в образовании),"<b>Факультет</b>: Психолого-педагогический факультет

<b>Срок обучения</b> 5 лет

<b>Минимальные баллы</b>
·Русский язык - от 40 баллов
·Биология - от 39 баллов
·Обществознание (экзамен по выбору) - от 45 баллов
·Математика (экзамен по выбору) - от 39 баллов

<b>Перечень вступительных испытаний на базе СПО</b>
·Основы психологии - от 40 баллов
·Основы педагогики- от 40 баллов
·Русский язык - от 40 баллов

<b>Количество мест</b>
·18 бюджетных мест
·10 платных мест

<b>Стоимость обучения</b>",
40,psixolog,Психолого-педагогический факультет,zaoch,Заочная,baka,Бакалавриат/специалитет,Психолого-педагогическое образование (Начальное образование),"<b>Факультет</b>: Психолого-педагогический факультет

<b>Срок обучения</b> 5 лет

<b>Минимальные баллы</b>
·Русский язык - от 40 баллов
·Биология - от 39 баллов
·Обществознание (экзамен по выбору) - от 45 баллов
·Математика (экзамен по выбору) - от 39 баллов

<b>Перечень вступительных испытаний на базе СПО</b>
·Основы психологии - от 40 баллов
·Основы педагогики- от 40 баллов
·Русский язык - от 40 баллов

<b>Количество мест</b>
·18 бюджетных мест
·10 платных мест

<b>Стоимость обучения</b>",
72,yprav,Факультет экономики и управления,zaoch,Заочная,maga,Магистратура,Государственное и муниципальное управление (Цифровые технологии в ГМУ),"<b>Факультет</b>: Факультет экономики и управления

<b>Срок обучения</b> 2,5 года

<b>Перечень вступительных испытаний:</b>
·Комплексный экзамен по государственному и муниципальному управлению - от 30 баллов

<b>Количество мест</b>
·- бюджетных мест
·20 платных мест

<b>Стоимость обучения</b>

",
43,soc,Социологический факультет,zaoch,Заочная,baka,Бакалавриат/специалитет,Социология (Социологическое сопровождение в политике и экономике),"<b>Факультет</b>: Социологический факультет

<b>Срок обучения</b> 5 лет

<b>Минимальные баллы</b>
·Русский язык - от 40 баллов
·История (экзамен по выбору) - от 35 баллов
·Математика (экзамен по выбору) - от 39 баллов
·Обществознание - от 45 баллов

<b>Перечень вступительных испытаний на базе СПО</b>
·Человек и общество: основы социальных отношений - от 40 баллов
·Алгебра и начала анализа (по выбору)- от 40 баллов
·История России (по выбору) - от 40 баллов
·Русский язык - от 40 баллов

<b>Количество мест</b>
·- бюджетных мест
·30 платных мест

<b>Стоимость обучения</b>

",
44,soc,Социологический факультет,zaoch,Заочная,baka,Бакалавриат/специалитет,Социальная работа (Социальная защита и социальная адвокатура),"<b>Факультет</b>: Социологический факультет

<b>Срок обучения</b> 5 лет

<b>Минимальные баллы</b>
·Русский язык - от 40 баллов
·История - от 35 баллов
·Иностранный язык (экзамен по выбору) - от 30 баллов
·Обществознание (экзамен по выбору) - от 45 баллов

<b>Перечень вступительных испытаний на базе СПО</b>
·Основы правоведения - от 40 баллов
·Человек и общество: основы социальных отношений (по выбору)- от 40 баллов
·История России (по выбору) - от 40 баллов
·Русский язык - от 40 баллов

<b>Количество мест</b>
·- бюджетных мест
·30 платных мест

<b>Стоимость обучения</b>

",
45,soc,Социологический факультет,zaoch,Заочная,baka,Бакалавриат/специалитет,Психолого-педагогическое образование (Психология и социальная педагогика),"<b>Факультет</b>: Социологический факультет

<b>Срок обучения</b> 4,5 года

<b>Минимальные баллы</b>
·Русский язык - от 40 баллов
·Биология - от 39 баллов
·Математика (экзамен по выбору) - от 39 баллов
·Обществознание (экзамен по выбору) - от 45 баллов

<b>Перечень вступительных испытаний на базе СПО</b>
·Основы педагогики - от 40 баллов
·Основы психологии - от 40 баллов
·Русский язык - от 40 баллов

<b>Количество мест</b>
·16 бюджетных мест
·40 платных мест

<b>Стоимость обучения</b>

",
46,histor,Факультет истории и права,zaoch,Заочная,baka,Бакалавриат/специалитет,Судебная и прокурорская деятельность (Судебная / прокурорская деятельность),"<b>Факультет</b>: Факультет истории и права

<b>Срок обучения</b> 5,5 лет

<b>Минимальные баллы</b>
·История (экзамен по выбору) - от 35 баллов
·Иностранный язык (экзамен по выбору) - от 30 баллов
·Обществознание - от 45 баллов
·Русский язык - от 40 баллов

<b>Перечень вступительных испытаний на базе СПО</b>
·Правоведение - от 40 баллов
·История России - от 40 баллов
·Русский язык - от 40 баллов

<b>Количество мест</b>
·- бюджетных мест
·30 платных мест

<b>Стоимость обучения</b>

",
47,histor,Факультет истории и права,zaoch,Заочная,baka,Бакалавриат/специалитет,Педагогическое образование (История),"<b>Факультет</b>: Факультет истории и права

<b>Срок обучения</b> 5 лет

<b>Минимальные баллы</b>
·История (экзамен по выбору) - от 35 баллов
·Иностранный язык (экзамен по выбору) - от 30 баллов
·Обществознание - от 45 баллов
·Русский язык - от 40 баллов

<b>Перечень вступительных испытаний на базе СПО</b>
·Основы педагогики- от 40 баллов
·История России - от 40 баллов
·Русский язык - от 40 баллов

<b>Количество мест</b>
·18 бюджетных мест
·10 платных мест

<b>Стоимость обучения</b>

",
48,yprav,Факультет экономики и управления,zaoch,Заочная,baka,Бакалавриат/специалитет,Экономическая безопасность (Экономико-правовое обеспечение экономической безопасности),"<b>Факультет</b>: Факультет экономики и управления

<b>Срок обучения</b> 5,5 лет

<b>Минимальные баллы</b>
·Математика - от 39 баллов
·История (экзамен по выбору) - от 35 баллов
·Информатика и ИКТ (экзамен по выбору) - от 44 баллов
·Обществознание (экзамен по выбору) - от 45 баллов
·Русский язык - от 40 баллов

<b>Перечень вступительных испытаний на базе СПО</b>
·Основы экономики- от 40 баллов
·Основы предпринимательской деятельности - от 40 баллов
·Русский язык - от 40 баллов

<b>Количество мест</b>
·- бюджетных мест
·40 платных мест

<b>Стоимость обучения</b>

",
73,yprav,Факультет экономики и управления,zaoch,Заочная,maga,Магистратура,Педагогическое образование (Образовательный менеджмент),"<b>Факультет</b>: Факультет экономики и управления

<b>Срок обучения</b> 2,5 года

<b>Перечень вступительных испытаний:</b>
·Комплексный экзамен по педагогике - от 30 баллов

<b>Количество мест</b>
·- бюджетных мест
·25 платных мест

<b>Стоимость обучения</b>

",
49,fizmat,Физико-математический ,zaoch,Заочная,baka,Бакалавриат/специалитет,Прикладная информатика (Информационные системы организаций и предприятий),"<b>Факультет</b>: Физико-математический факультет

<b>Срок обучения</b> 4,5 года

<b>Минимальные баллы</b>
·Математика - от 39 баллов
·Физика (экзамен по выбору) - от 39 баллов
·Информатика и ИКТ (экзамен по выбору) - от 44 баллов
·Русский язык - от 40 баллов

<b>Перечень вступительных испытаний на базе СПО</b>
·Элементы высшей математики - от 40 баллов
·Основы программирования - от 40 баллов
·Русский язык - от 40 баллов

<b>Количество мест</b>
·- бюджетных мест
·30 платных мест

<b>Стоимость обучения</b>

",
50,filfak,Филологический факультет,zaoch,Заочная,baka,Бакалавриат/специалитет,Педагогическое образование (русский язык),"<b>Факультет</b>: Филологический факультет

<b>Срок обучения</b> 5 лет

<b>Минимальные баллы</b>
·Литература - от 40 баллов
·Обществознание - от 45 баллов
·Русский язык - от 40 баллов

<b>Перечень вступительных испытаний на базе СПО</b>
·Основы педагогики - от 40 баллов
·Основы межличностной коммуникации - от 40 баллов
·Русский язык - от 40 баллов

<b>Количество мест</b>
·18 бюджетных мест
·30 платных мест

<b>Стоимость обучения</b>

",
51,fizmat,Физико-математический ,och/zaoch,Очно-заочная,baka,Бакалавриат/специалитет,Строительство (Промышленное и гражданское строительство),"<b>Факультет</b>: Физико-математический факультет

<b>Срок обучения</b> 4,5 года

<b>Минимальные баллы</b>
·Физика - от 39 баллов
·Математика - от 39 баллов
·Русский язык - от 40 баллов

<b>Перечень вступительных испытаний на базе СПО</b>
·Основы архитектуры - от 40 баллов
·Основы строительной механики - от 40 баллов
·Русский язык - от 40 баллов

<b>Количество мест</b>
·- бюджетных мест
·30 платных мест

<b>Стоимость обучения</b>

",
52,histor,Факультет истории и права,och/zaoch,Очно-заочная,baka,Бакалавриат/специалитет,Юриспруденция (Юрист общей практики),"<b>Факультет</b>: Факультет истории и права

<b>Срок обучения</b> 5 лет

<b>Минимальные баллы</b>
·Иностранный язык (экзамен по выбору) - от 30 баллов
·История (экзамен по выбору) - от 35 баллов
·Обществознание - от 45 баллов
·Русский язык - от 40 баллов

<b>Перечень вступительных испытаний на базе СПО</b>
·Правоведение - от 40 баллов
·История России - от 40 баллов
·Русский язык - от 40 баллов

<b>Количество мест</b>
·- бюджетных мест
·70 платных мест

<b>Стоимость обучения</b>

",
53,psixolog,Психолого-педагогический факультет,och,Очная,maga,Магистратура,Психолого-педагогическое образование (Психология в социально-педагогической практике),"<b>Факультет</b>: Психолого-педагогический факультет

<b>Срок обучения</b> 2 года

<b>Перечень вступительных испытаний:</b>
·Комплексный экзамен по педагогике и психологии - от 30 баллов

<b>Количество мест</b>
·14 бюджетных мест
·10 платных мест

<b>Стоимость обучения</b>

",
54,psixolog,Психолого-педагогический факультет,och,Очная,maga,Магистратура,Психолого-педагогическое образование (Обучение и развитие младших школьников),"<b>Факультет</b>: Психолого-педагогический факультет

<b>Срок обучения</b> 2 года

<b>Перечень вступительных испытаний:</b>
·Комплексный экзамен по педагогике и психологии - от 30 баллов

<b>Количество мест</b>
·14 бюджетных мест
·10 платных мест

<b>Стоимость обучения</b>

",
55,psixolog,Психолого-педагогический факультет,och,Очная,maga,Магистратура,Психолого-педагогическое образование (Психология и педагогика развития дошкольников),"<b>Факультет</b>: Психолого-педагогический факультет

<b>Срок обучения</b> 2 года

<b>Перечень вступительных испытаний:</b>
·Комплексный экзамен по педагогике и психологии - от 30 баллов

<b>Количество мест</b>
·14 бюджетных мест
·10 платных мест

<b>Стоимость обучения</b>

",
56,histor,Факультет истории и права,och,Очная,maga,Магистратура,"Юриспруденция (Уголовное право, уголовный процесс)","<b>Факультет</b>: Факультет истории и права

<b>Срок обучения</b> 2 года

<b>Перечень вступительных испытаний:</b>
·Теория государства и права - от 30 баллов

<b>Количество мест</b>
·- бюджетных мест
·20 платных мест

<b>Стоимость обучения</b>

",
57,yprav,Факультет экономики и управления,och,Очная,maga,Магистратура,Экономика (Экономика и управление развитием организации),"<b>Факультет</b>: Факультет экономики и управления

<b>Срок обучения</b> 2 года

<b>Перечень вступительных испытаний:</b>
·Экономика - от 30 баллов

<b>Количество мест</b>
·7 бюджетных мест
·13 платных мест

<b>Стоимость обучения</b>

",
78,xydgraf,Художественно-графический факультет,zaoch,Заочная,maga,Магистратура,Дизайн (Графический дизайн),"<b>Факультет</b>: Художественно-графический факультет

<b>Срок обучения</b> 2,5 года

<b>Перечень вступительных испытаний:</b>
·Творческое испытание - от 30 баллов

<b>Количество мест</b>
·- бюджетных мест
·15 платных мест

<b>Стоимость обучения</b>

",
79,psixolog,Психолого-педагогический факультет,och/zaoch,Очно-заочная,maga,Магистратура,Психология (Психология спортивной деятельности),"<b>Факультет</b>: Психолого-педагогический факультет

<b>Срок обучения</b> 2,5 года

<b>Перечень вступительных испытаний:</b>
·Психология - от 30 баллов

<b>Количество мест</b>
·- бюджетных мест
·50 платных мест

<b>Стоимость обучения</b>

",
80,filfak,Филологический факультет,och/zaoch,Очно-заочная,maga,Магистратура,Лингвистика (Перевод и переводоведение),"<b>Факультет</b>: Филологический факультет

<b>Срок обучения</b> 2,5 года

<b>Перечень вступительных испытаний:</b>
·Английский язык - от 30 баллов

<b>Количество мест</b>
·- бюджетных мест
·20 платных мест

<b>Стоимость обучения</b>

",
